region_id,industry_id,size,expense,amount
3601,301,S,"Аренда помещения (включая депозит и первый месяц)",105000
3601,301,S,"Ремонт, отделка и дизайн-проект",143333
3601,301,S,"Профессиональное оборудование",156667
3601,301,S,"Мебель и оснащение",61667
3601,301,S,"Программное обеспечение, POS-система и онлайн-касса",30000
3601,301,S,"Первичная закупка расходных материалов и косметики",38333
3601,301,S,"Оформление разрешительной документации и регистрация",13333
3601,301,S,"Реклама и маркетинг",50000
3601,301,S,"Заработная плата сотрудникам",90000
3601,301,S,"Коммунальные платежи",11667
3601,301,S,"Транспортные расходы",6667
3601,301,S,"Форменная одежда и текстиль",8333
3601,301,S,"Паушальный взнос по франшизе",93333
3601,301,S,"Оборотный капитал на первые месяцы работы",43333
3601,702,S,"Регистрация бизнеса, лицензии и док-ва",11667
3601,702,S,"Аренда помещения (депозит + первый месяц)",73333
3601,702,S,"Ремонт и зонирование помещения",50000
3601,702,S,"Инструмент и оборудование",75000
3601,702,S,"Мебель, стеллажи, оргтехника",35000
3601,702,S,"Расходные материалы",31667
3601,702,S,"Сайт-визитка, лендинг, телефония",20000
3601,702,S,"Запускная реклама, вывеска, печатная продукция",35000
3601,702,S,"Спецодежда бригады, стенды выполненных работ",13333
3601,702,S,"Транспортные расходы и логистика",11667
3601,702,S,"Налоги и обязательные платежи",11667
3601,702,S,"Коммунальные услуги и хознужды",9333
3601,702,S,"Прочие операционные расходы",8667
3601,702,S,"Резерв на непредвиденные расходы",35333
3601,401,S,"Аренда помещения и обеспечительный депозит",683333
3601,401,S,"Проектирование, дизайн и ремонтно-отделочные работы",1566667
3601,401,S,"Оборудование и инвентарь (кухня, вентиляция, IT, касса, посуда)",1600000
3601,401,S,"Мебель и интерьер зала",500000
3601,401,S,"Маркетинг, реклама и наружное оформление (вывеска, навигация)",283333
3601,401,S,"Первоначальный запас продуктов, напитков и расходных материалов",193333
3601,401,S,"Регистрация бизнеса, лицензии и разрешения",73333
3601,401,S,"Подбор, обучение и зарплатный фонд персонала на старте",473333
3601,401,S,"Оборотный капитал (аренда, зарплата и операционные расходы на первые месяцы)",676667
3601,401,S,"Паушальный взнос (для франшизы)",366667
3601,401,S,"Прочие организационные и непредвиденные расходы",298333
3601,105,S,"Паушальный взнос за франшизу",140000
3601,105,S,"Арендные платежи (депозит и предоплата)",76667
3601,105,S,"Ремонт и подготовка помещения",83333
3601,105,S,"Торговое, холодильное и кассовое оборудование (включая ПО и терминал)",123333
3601,105,S,"Первоначальная закупка товара",86667
3601,105,S,"Регистрация бизнеса, разрешительная документация и лицензии",18333
3601,105,S,"Зарплата персонала на старте",48333
3601,105,S,"Маркетинг и реклама (включая вывеску)",26667
3601,105,S,"Охранная сигнализация и видеонаблюдение",15000
3601,105,S,"Хозтовары и инвентарь",8333
3601,105,S,"Транспортные расходы",5000
3601,105,S,"Оборотные средства (капитал) на стартовый период",40000
7201,403,M,"Паушальный взнос",233333
7201,403,M,"Аренда помещения и обеспечительный платеж",183333
7201,403,M,"Ремонт и подготовка помещения",266667
7201,403,M,"Оборудование, мебель и оснащение",423333
7201,403,M,"Посуда, инвентарь и расходные материалы",58333
7201,403,M,"Первичная закупка сырья и напитков",70000
7201,403,M,"Зарплата и фонд оплаты труда на запуск",110000
7201,403,M,"Маркетинговые расходы",66667
7201,403,M,"Регистрация бизнеса и разрешительная документация",21667
7201,403,M,"Логистика и доставка",13333
7201,403,M,"Коммунальные платежи",18333
7201,403,M,"Непредвиденные расходы",53333
7201,306,S,"Аренда помещения и обеспечительный платеж",76667
7201,306,S,"Ремонт и подготовка помещения",56667
7201,306,S,"Мебель, оборудование и техника",63333
7201,306,S,"Учебные, игровые и расходные материалы",18333
7201,306,S,"Маркетинг и реклама",18333
7201,306,S,"Лицензирование, регистрация и оформление документов",15000
7201,306,S,"Зарплата и страховые взносы",40000
7201,306,S,"Коммунальные услуги, связь и интернет",9333
7201,306,S,"Охрана и системы безопасности",7667
7201,306,S,"Программное обеспечение и онлайн-сервисы",5000
7201,306,S,"Прочие организационные расходы (бухгалтерия, прочее)",7333
7201,306,S,"Резервный фонд / Запас оборотных средств",25167
7201,303,S,"Паушальный взнос",48333
7201,303,S,"Регистрация бизнеса и юридические расходы",9000
7201,303,S,"Аренда помещения (включая залог)",26000
7201,303,S,"Ремонт и оборудование офиса",14000
7201,303,S,"Офисное оборудование и компьютерная техника",17333
7201,303,S,"Программное обеспечение",8000
7201,303,S,"Транспорт (покупка/аренда, ГЛОНАСС/GPS)",41667
7201,303,S,"Расходные материалы",7667
7201,303,S,"Зарплата персонала (на старте)",25000
7201,303,S,"Реклама и маркетинг",19667
7201,303,S,"Связь и интернет",3667
7201,303,S,"Страхование",5667
7201,303,S,"Коммунальные услуги",3000
7201,303,S,"Формирование оборотного резерва",19667
7201,303,S,"Прочие непредвиденные расходы",4667
7201,214,M,"Регистрация бизнеса (ИП/ООО) и госпошлины",6333
7201,214,M,"Бухгалтерское сопровождение и ЭДО",8667
7201,214,M,"Аналитика ниши и подбор товара",11667
7201,214,M,"Сертификация/декларирование товара",14000
7201,214,M,"Аренда склада в Тюмени",18333
7201,214,M,"Оборудование склада",24000
7201,214,M,"Программное обеспечение",12000
7201,214,M,"Первичная закупка товара",118333
7201,214,M,"Упаковочные и расходные материалы",8667
7201,214,M,"Фото- и видеоконтент",13333
7201,214,M,"Создание и настройка магазина",9333
7201,214,M,"Логистика и доставка до склада",11667
7201,214,M,"Комиссии маркетплейса",16667
7201,214,M,"Маркетинг и продвижение",42333
7201,301,M,"Паушальный взнос по франшизе",316667
7201,301,M,"Аренда помещения, залог и страховой депозит",293333
7201,301,M,"Ремонт, отделка и дизайн-проект помещения",373333
7201,301,M,"Профессиональное оборудование",320000
7201,301,M,"Мебель и оформление интерьера",116667
7201,301,M,"Стартовый запас косметики и расходных материалов",105000
7201,301,M,"Кассовое и IT-оборудование",61667
7201,301,M,"Вывеска, наружная реклама и маркетинговый запуск",103333
7201,301,M,"Разрешительная документация",28333
7201,301,M,"Обучение, найм персонала и пробные смены",58333
7201,301,M,"Коммунальные платежи",18333
7201,301,M,"Оборотный капитал на первые месяцы работы",190000
7201,402,M,"Паушальный взнос (права на бренд)",483333
7201,402,M,"Регистрация бизнеса и разрешительная документация",73333
7201,402,M,"Аренда помещения (депозит, первый/последний месяц)",373333
7201,402,M,"Ремонт, отделка и дизайн-проект помещения",826667
7201,402,M,"Технологическое, кухонное и торговое оборудование",736667
7201,402,M,"Мебель для зала, интерьер, барная стойка",330000
7201,402,M,"Кассовое и IT-оборудование (POS, ПО, системы учета)",146667
7201,402,M,"Вывеска, наружная реклама и визуальное оформление",153333
7201,402,M,"Первичная закупка продуктов, ингредиентов и расходных материалов",143333
7201,402,M,"Маркетинговый бюджет на запуск (продвижение, флаеры, дегустации)",156667
7201,402,M,"Зарплатный фонд персонала (включая униформу)",306667
7201,402,M,"Лицензирование, страхование и юридическое сопровождение",63333
7201,402,M,"Транспортные и логистические затраты (до запуска)",53333
7201,402,M,"Оборотный капитал на первые месяцы работы",393333
7201,901,M,"Регистрация бизнеса и юридическое сопровождение",11500
7201,901,M,"Аренда помещения и обеспечительный платеж",43500
7201,901,M,"Ремонт и подготовка рабочего пространства",20000
7201,901,M,"Офисная мебель и расходные материалы",19000
7201,901,M,"Компьютеры, периферия и серверное оборудование",89000
7201,901,M,"Лицензионное ПО, облачная инфраструктура и хостинг",26500
7201,901,M,"Корпоративная связь и интернет",8000
7201,901,M,"Разработка сайта и IT-инфраструктура",31000
7201,901,M,"Маркетинг, реклама и запуск продаж",36000
7201,901,M,"Зарплата и авансы сотрудникам на стартовый период",42500
7201,901,M,"Обучение персонала",8500
7201,901,M,"Бухгалтерский и юридический аутсорсинг",9500
7201,901,M,"Налоги и обязательные платежи",5000
7201,901,M,"Резервный фонд на непредвиденные расходы",20000
7201,3,M,"Паушальный взнос (для франшизы)",316667
7201,3,M,"Аренда помещения (включая обеспечительный платёж/депозит и оплату первого месяца)",183333
7201,3,M,"Ремонт, отделка и дизайн интерьера",300000
7201,3,M,"Торговое оборудование, мебель, стеллажи, витрины, манекены",186667
7201,3,M,"Вывеска и оформление витрины",56667
7201,3,M,"Первоначальная закупка товара (первая партия, одежда, обувь)",443333
7201,3,M,"Программное обеспечение, кассовое оборудование, POS-система и связь",73333
7201,3,M,"Регистрация бизнеса и разрешительная документация (включая юридические услуги)",25000
7201,3,M,"Маркетинг и реклама на запуск (продвижение, вывеска)",76667
7201,3,M,"Зарплата персонала на старте (обучение, первый месяц работы)",93333
7201,3,M,"Оборудование для хранения, логистика и транспортировка",30000
7201,3,M,"Коммунальные платежи",15000
7201,3,M,"Оборотный капитал / резервный фонд на первые месяцы работы (непредвиденные расходы)",46667
7201,306,L,"Аренда и депозит помещения",246667
7201,306,L,"Ремонт и подготовка помещения (дизайн-проект, материалы, работы)",290000
7201,306,L,"Мебель и оборудование (детская, учебная, игровая, кухонная, спальная)",266667
7201,306,L,"Учебные и игровые материалы, игрушки, методические пособия, канцелярия",131667
7201,306,L,"Оборудование и ПО для безопасности, видеонаблюдения и учета (CRM)",81667
7201,306,L,"Лицензирование, сертификация, разрешительная и юридическая документация",41667
7201,306,L,"Фонд оплаты труда персонала на стартовый период (1-2 месяца)",163333
7201,306,L,"Маркетинг и реклама (вывеска, сайт, соцсети, листовки, запуск продаж)",71667
7201,306,L,"Операционные расходы (коммунальные платежи, интернет, связь)",35000
7201,306,L,"Резерв на непредвиденные расходы",66667
7201,405,S,"Паушальный взнос (при покупке франшизы)",233333
7201,405,S,"Аренда помещения (депозит и первый месяц)",180000
7201,405,S,"Ремонт, дизайн-проект и подготовка помещения",243333
7201,405,S,"Закупка барного, кухонного и технологического оборудования",250000
7201,405,S,"Закупка мебели, барной стойки и элементов интерьера",133333
7201,405,S,"Посуда, инвентарь, текстиль и расходные материалы",60000
7201,405,S,"Система учета (касса, CRM, POS-терминал)",36667
7201,405,S,"Регистрация, юридическое оформление, лицензии и разрешения (включая алкогольную лицензию)",73333
7201,405,S,"Маркетинговый бюджет (вывеска, наружное оформление, меню, запуск и продвижение)",66667
7201,405,S,"Первоначальная закупка напитков, продуктов и ингредиентов",73333
7201,405,S,"Зарплата персонала",66667
7201,405,S,"Оборотный капитал и организационные расходы (первые 2–3 месяца работы)",60000
5501,401,M,"Паушальный взнос за франшизу / лицензионный сбор",1233333
5501,401,M,"Регистрация юридического лица и разрешительная документация",203333
5501,401,M,"Ремонт, дизайн-проект и отделка помещения",3566667
5501,401,M,"Арендный депозит и первый месяц аренды",766667
5501,401,M,"Оборудование кухни и зала (холодильное, тепловое, нейтральное)",3366667
5501,401,M,"Мебель, интерьер, декор и барная стойка",1116667
5501,401,M,"POS-система, кассовое и IT-оборудование (система автоматизации)",416667
5501,401,M,"Первоначальная закупка продуктов, напитков и расходных материалов",700000
5501,401,M,"Наружная вывеска, навигация и наружное оформление",340000
5501,401,M,"Маркетинговый бюджет на запуск (реклама, СМИ, соцсети, листовки)",633333
5501,401,M,"Заработная плата персонала на стартовый период",866667
5501,401,M,"Форменная одежда персонала, посуда и инвентарь",300000
5501,401,M,"Коммунальные услуги и налоги",190000
5501,401,M,"Оборотный капитал и резерв на непредвиденные расходы",1073333
5501,1,S,"Аренда помещения (включая депозит и предоплату)",513333
5501,1,S,"Ремонт и подготовка торгового зала",533333
5501,1,S,"Торговое оборудование (стеллажи, витрины, холодильное оборудование)",756667
5501,1,S,"Кассовое оборудование и POS-система",156667
5501,1,S,"Первоначальная закупка товарного запаса",833333
5501,1,S,"Регистрация бизнеса и оформление разрешительной документации",50000
5501,1,S,"Подбор, обучение и заработная плата персонала",260000
5501,1,S,"Маркетинговые расходы (включая вывеску и наружную рекламу)",170000
5501,1,S,"Программное обеспечение (1С, ЕГАИС, Меркурий)",70000
5501,1,S,"Система охраны и видеонаблюдения",126667
5501,1,S,"Логистика и транспортные расходы",80000
5501,1,S,"Коммунальные платежи",53333
5501,1,S,"Налоговые и страховые отчисления",73333
5501,1,S,"Резерв оборотных средств на первые месяцы работы",160000
3401,702,S,"Регистрация бизнеса и получение разрешительных документов",8333
3401,702,S,"Аренда помещения (первый месяц)",27667
3401,702,S,"Ремонт и обустройство помещения",23333
3401,702,S,"Офисное оснащение, мебель и компьютерная техника",26000
3401,702,S,"Закупка инструмента и расходных материалов",49667
3401,702,S,"Реклама и продвижение на старте",20333
3401,702,S,"Расходы на персонал (зарплата, форма, СИЗ)",21667
3401,702,S,"Логистика и транспортные расходы",7333
3401,702,S,"Программное обеспечение, телефония, интернет и CRM",6333
3401,702,S,"Страхование",2667
3401,702,S,"Административные расходы",3667
3401,702,S,"Формирование оборотного резерва на первые месяцы работы",23333
3401,403,L,"Аренда помещения (депозит и первый месяц)",290000
3401,403,L,"Ремонт, дизайн-проект и подготовка помещения",590000
3401,403,L,"Торговое, кассовое и кофейное оборудование",883333
3401,403,L,"Мебель для зала (столы, стулья, барная стойка, витрина)",236667
3401,403,L,"Посуда и инвентарь (чашки, ложки, термометры, кофеварка)",103333
3401,403,L,"Первоначальная закупка сырья, продуктов и расходных материалов",140000
3401,403,L,"Регистрация бизнеса, разрешения (СЭС, пожарная) и оформление документов",63333
3401,403,L,"Зарплата персонала на старте",210000
3401,403,L,"Маркетинг, реклама и вывеска (включая запуск продаж)",183333
3401,403,L,"Паушальный (лицензионный) взнос по франшизе",400000
3401,403,L,"Административные расходы и резервный фонд (оборотный капитал)",150000
3401,403,L,"Транспортные и логистические затраты",56667
5501,402,M,"Паушальный взнос по франшизе",383333
5501,402,M,"Аренда и ремонт помещения",916667
5501,402,M,"Оборудование",710000
5501,402,M,"Мебель, интерьер и декоративное оформление",280000
5501,402,M,"Посуда, инвентарь и униформа персонала",136667
5501,402,M,"Программное обеспечение и IT-инфраструктура",100000
5501,402,M,"Первоначальная закупка продуктов",156667
5501,402,M,"Регистрация бизнеса, лицензии и документация",43333
5501,402,M,"Заработная плата персонала",246667
5501,402,M,"Маркетинг, реклама и вывеска",166667
5501,402,M,"Логистика и коммунальные услуги",53333
5501,402,M,"Юридические и бухгалтерские услуги",33333
5501,402,M,"Резервный фонд и оборотные средства",136667
5501,403,S,"Аренда и обеспечительный платёж",50000
5501,403,S,"Ремонт и подготовка помещения",58333
5501,403,S,"Технологическое и холодильное оборудование",73333
5501,403,S,"Мебель для зала и стойки",31667
5501,403,S,"Первичная закупка сырья и расходных материалов",18333
5501,403,S,"Регистрация и разрешительная документация",7667
5501,403,S,"Зарплата персонала и стажировка",31667
5501,403,S,"Маркетинг и реклама на запуск",20000
5501,403,S,"Паушальный взнос (франшиза)",50000
5501,403,S,"Транспортные и логистические расходы",6667
5501,403,S,"Коммунальные платежи и налоги",7333
5501,403,S,"POS-система и кассовое оборудование",23333
5501,402,L,"Паушальный взнос / франчайзинговый пакет",483333
5501,402,L,"Аренда помещения и обеспечительный платеж (депозит)",816667
5501,402,L,"Ремонт, отделка и дизайн-проект помещения",1866667
5501,402,L,"Технологическое, кухонное и торговое оборудование",1766667
5501,402,L,"Мебель, интерьер зала и оснащение",650000
5501,402,L,"IT-оборудование, кассовая техника и программное обеспечение",233333
5501,402,L,"Вывеска, брендирование, навигация и рекламный бюджет на открытие",333333
5501,402,L,"Первоначальная закупка сырья, продуктов и расходных материалов",283333
5501,402,L,"Фонд оплаты труда на стартовый период (2 месяца)",816667
5501,402,L,"Регистрация бизнеса, оформление документов, разрешений и лицензий",75000
5501,402,L,"Резервный фонд",415000
5501,402,L,"Прочие операционные расходы",338333
5501,310,M,"Аренда помещения и обеспечительный платёж (депозит)",270000
5501,310,M,"Ремонт и подготовка помещения (отделка, зона ожидания, боксы)",183333
5501,310,M,"Основное оборудование (подъемники, диагностические стенды)",310000
5501,310,M,"Инструмент и оснастка (слесарный набор, пневмоинструмент, компрессор)",96667
5501,310,M,"Офисная и складская мебель, оргтехника, стойка приемки",60000
5501,310,M,"Стартовый запас запчастей, расходных материалов и спецжидкостей",153333
5501,310,M,"Спецодежда, средства индивидуальной защиты и хозтовары",23333
5501,310,M,"Программное обеспечение, кассовое оборудование и связь",43333
5501,310,M,"Регистрация бизнеса, лицензирование и разрешительная документация",16667
5501,310,M,"Реклама и маркетинговый запуск (вывеска, онлайн-продвижение)",96667
5501,310,M,"Коммунальные платежи и эксплуатационные расходы",30000
5501,310,M,"Транспортные и логистические затраты (доставка)",23333
5501,310,M,"Административные и непредвиденные расходы (канцелярия, банковские услуги)",30000
3401,214,L,"Регистрация бизнеса (ИП/ООО), расчётный счёт и электронная подпись",14333
3401,214,L,"Юридическое сопровождение и консультации",12333
3401,214,L,"Аренда склада/офиса и его подготовка",48333
3401,214,L,"Закупка первой партии товара",155000
3401,214,L,"Упаковочные материалы и расходники (короба, скотч, стрейч-плёнка)",14000
3401,214,L,"Фотосъёмка, создание контента и карточек товаров",18000
3401,214,L,"Настройка и ведение рекламы на маркетплейсах",29000
3401,214,L,"Логистика, доставка до склада и фулфилмент на старте",27667
3401,214,L,"Комиссии маркетплейсов и эквайринг",16667
3401,214,L,"Сертификация или декларация соответствия",12667
3401,214,L,"Бухгалтерское сопровождение и сервисы аналитики",12000
3401,214,L,"Обслуживание сайта и онлайн-магазина",6667
3401,214,L,"Резерв на возвраты, брак и операционные расходы",28333
5501,502,L,"Аренда помещения и коммунальные платежи на стартовый период",116667
5501,502,L,"Ремонт и подготовка помещения",143333
5501,502,L,"Мебель, офисное оснащение и хозяйственные расходы",80000
5501,502,L,"Компьютерная техника, оргтехника и телефония",86667
5501,502,L,"Программное обеспечение (CRM, базы данных)",28333
5501,502,L,"Маркетинговые расходы на запуск (реклама, вывеска, соцсети)",96667
5501,502,L,"Юридическое оформление, регистрация и лицензирование",18333
5501,502,L,"Обучение и сертификация персонала",21667
5501,502,L,"Паушальный взнос / франчайзинговый пакет",183333
5501,502,L,"Зарплата персонала на стартовый период",96667
5501,502,L,"Резервный фонд (оборотные средства на непредвиденные расходы)",60000
3401,406,L,"Паушальный взнос / франчайзинговый пакет",443333
3401,406,L,"Аренда помещения",333333
3401,406,L,"Ремонт и дизайн-проект помещения",666667
3401,406,L,"Оборудование (технологическое, торговое, мебель, вентиляция)",1368333
3401,406,L,"Кассовое и IT-оборудование",166667
3401,406,L,"Первоначальная закупка сырья, продуктов и упаковки",226667
3401,406,L,"Регистрация юрлица и разрешительная документация",50000
3401,406,L,"Заработная плата персонала на период запуска",226667
3401,406,L,"Обучение персонала, форма и униформа",93333
3401,406,L,"Маркетинг, реклама, вывеска и навигация",243333
3401,406,L,"Транспортные расходы",41667
3401,406,L,"Коммунальные платежи",53333
3401,406,L,"Непредвиденные расходы",215000
3401,310,L,"Аренда и депозит помещения",342333
3401,310,L,"Ремонт и подготовка помещения",609333
3401,310,L,"Подъемники, диагностическое и ремонтное оборудование",941333
3401,310,L,"Инструменты, пневмоинструмент и спецоснастка",249200
3401,310,L,"Мебель, стойка приема клиентов и оргтехника",107333
3401,310,L,"Программное обеспечение, CRM и онлайн-касса",118733
3401,310,L,"Первоначальная закупка запчастей и расходных материалов",328000
3401,310,L,"Регистрация бизнеса, лицензирование и страховки",58067
3401,310,L,"Реклама и маркетинг",151600
3401,310,L,"Персонал: зарплата и обучение",189467
3401,310,L,"Коммунальные услуги и административные расходы",57600
3401,310,L,"Резервный фонд",82000
3401,308,M,"Аренда помещения и депозит",37000
3401,308,M,"Ремонт и подготовка помещения",18333
3401,308,M,"Мебель и офисное оборудование",19333
3401,308,M,"Компьютеры, техника и периферия",26667
3401,308,M,"Программное обеспечение",7333
3401,308,M,"Подключение интернета и телефонии",3000
3401,308,M,"Маркетинг и реклама на старте",20000
3401,308,M,"Вывеска, брендирование и оформление офиса",8667
3401,308,M,"Регистрация бизнеса и разрешительная документация",5000
3401,308,M,"Юридические и консультационные услуги",6333
3401,308,M,"Зарплата сотрудникам",23333
3401,308,M,"Оборотные средства",3667
3401,308,M,"Непредвиденные расходы",6000
3401,901,M,"Регистрация бизнеса и юридическое сопровождение",12500
3401,901,M,"Аренда помещения (офис/коворкинг)",27500
3401,901,M,"Ремонт и подготовка помещения",15000
3401,901,M,"Офисная мебель и оргтехника",21500
3401,901,M,"Компьютеры, ноутбуки и периферия",60000
3401,901,M,"Программное обеспечение и лицензии",16000
3401,901,M,"Подключение интернета, телефонии и хостинг",6500
3401,901,M,"Маркетинг, реклама и разработка сайта",20000
3401,901,M,"Обучение персонала",8000
3401,901,M,"Зарплата и налоги с ФОТ на старте",57500
3401,901,M,"Канцелярия, хозтовары и административные расходы",4500
3401,901,M,"Резервный фонд (непредвиденные расходы)",12000
3401,901,M,"Оборотный капитал на первые месяцы работы",24000
3401,502,L,"Регистрация бизнеса, лицензирование и юридическое оформление",20000
3401,502,L,"Паушальный взнос (франшиза)",186667
3401,502,L,"Аренда помещения (депозит + первый месяц)",98333
3401,502,L,"Ремонт и подготовка помещения",90000
3401,502,L,"Мебель и офисное оснащение",61667
3401,502,L,"Компьютерная техника, оргтехника и телефония",71667
3401,502,L,"Программное обеспечение, CRM и лицензии на ПО",30000
3401,502,L,"Разработка и запуск сайта / лендинга",33333
3401,502,L,"Рекламный бюджет на старт (диджитал, наружная реклама)",96667
3401,502,L,"Обучение персонала",20000
3401,502,L,"Фонд оплаты труда на первые 1–2 месяца",126667
3401,502,L,"Административные расходы и резервный фонд (связь, интернет, хознужды)",31667
6101,308,S,"Паушальный взнос / стартовый пакет франшизы",48333
6101,308,S,"Регистрация бизнеса, лицензии и разрешения",11000
6101,308,S,"Аренда помещения (включая депозит / обеспечительный платёж)",31667
6101,308,S,"Ремонт, отделка и зонирование помещения",18333
6101,308,S,"Мебель и оснащение рабочих зон",13333
6101,308,S,"Компьютерная и оргтехника",17000
6101,308,S,"Программное обеспечение, CRM и связь (интернет, телефония)",9000
6101,308,S,"Маркетинговый стартовый бюджет (рекламный запуск, сайт)",19333
6101,308,S,"Зарплата персонала на стартовый период",21667
6101,308,S,"Юридическое и бухгалтерское сопровождение",5667
6101,308,S,"Административные и хозяйственные расходы",5000
6101,308,S,"Непредвиденные расходы / операционный резерв на первые месяцы",21333
6101,1,S,"Аренда и обеспечительный платёж за помещение",483333
6101,1,S,"Ремонт, дизайн-проект и подготовка торгового зала",666667
6101,1,S,"Торговое, холодильное и кассовое оборудование (включая POS-систему)",916667
6101,1,S,"Программное обеспечение (1С, кассовая программа)",56667
6101,1,S,"Первоначальная закупка товарного запаса",833333
6101,1,S,"Вывеска, наружная реклама и навигация",140000
6101,1,S,"Регистрация бизнеса, открытие расчётного счёта",26667
6101,1,S,"Оформление разрешительной документации (СЭС, лицензии)",43333
6101,1,S,"Маркетинговый бюджет на запуск и рекламу",125000
6101,1,S,"Фонд оплаты труда персонала на стартовый период",226667
6101,1,S,"Логистика и транспортные расходы",58333
6101,1,S,"Подключение и пусконаладка инженерных систем (коммунальные платежи)",80000
6101,1,S,"Непредвиденные расходы и резерв",95000
6101,405,S,"Аренда помещения и депозиты",250000
6101,405,S,"Паушальный взнос франшизы",266667
6101,405,S,"Ремонт и подготовка помещения",273333
6101,405,S,"Оборудование и инвентарь",286667
6101,405,S,"Мебель и интерьер",136667
6101,405,S,"Первичная закупка товара",146667
6101,405,S,"Регистрация, лицензии и разрешения",31667
6101,405,S,"Маркетинг и реклама",73333
6101,405,S,"Зарплата персонала",80000
6101,405,S,"Резервный фонд и оборотный капитал",98333
6101,301,L,"Аренда и обеспечительный депозит",533333
6101,301,L,"Ремонт, отделка и дизайн-проект",1033333
6101,301,L,"Мебель и интерьерные решения",390000
6101,301,L,"Оборудование и оснащение (профессиональное, инженерные системы)",853333
6101,301,L,"IT-оборудование, касса, CRM и программное обеспечение",135000
6101,301,L,"Мелкий инвентарь и расходные материалы на старт",101667
6101,301,L,"Регистрация бизнеса, лицензирование и разрешительная документация",48333
6101,301,L,"Маркетинг и рекламная кампания на запуск",210000
6101,301,L,"Персонал (найм, обучение, заработная плата)",250000
6101,301,L,"Оборотный капитал и резервный фонд",213333
6101,401,S,"Паушальный взнос (франшиза)",650000
6101,401,S,"Аренда и депозит помещения",933333
6101,401,S,"Ремонт и дизайн-проект помещения",1466667
6101,401,S,"Оформление разрешительной документации, согласования и лицензии",200000
6101,401,S,"Оборудование (кухонное, холодильное, вентиляция, кондиционирование)",1933333
6101,401,S,"Мебель, интерьер и декор (включая посуду)",750000
6101,401,S,"POS-система и программное обеспечение",240000
6101,401,S,"Вывеска и наружная реклама",300000
6101,401,S,"Стартовая закупка продуктов и расходных материалов",400000
6101,401,S,"Фонд оплаты труда, подбор и обучение персонала на стартовый период",850000
6101,401,S,"Транспортные и логистические расходы",111667
6101,401,S,"Резервный фонд на непредвиденные расходы",548333
6101,406,S,"Аренда и залог за помещение",160000
6101,406,S,"Ремонт, отделочные работы и дизайн",216667
6101,406,S,"Производственное и торговое оборудование",166667
6101,406,S,"Кухонное оборудование",146667
6101,406,S,"Мебель и оснащение зала",66667
6101,406,S,"Вывески, наружная реклама и навигация",46667
6101,406,S,"Разрешительная документация и регистрация",21667
6101,406,S,"Первичная закупка продуктов и упаковки",35000
6101,406,S,"Рекламная кампания и продвижение",73333
6101,406,S,"Кассовая техника и ПО системы",23333
6101,406,S,"Форма персонала и хозяйственный инвентарь",11667
6101,406,S,"Оборотный капитал и непредвиденные расходы",83333
6101,406,S,"Паушальный взнос по франшизе",260000
6101,214,S,"Регистрация бизнеса и лицензирование",5000
6101,214,S,"Закупка товаров",31667
6101,214,S,"Фотосъемка и оформление карточки товара",5000
6101,214,S,"Упаковка и маркировочные материалы",5000
6101,214,S,"Создание и обслуживание аккаунта",2667
6101,214,S,"Продвижение и маркетинг",11667
6101,214,S,"Логистика и доставка",14000
6101,214,S,"Сертификация и консалтинговые услуги",4334
6101,214,S,"Комиссии и сборы площадок/маркетплейсов",6000
6101,214,S,"Обучение персонала и франшиза",6334
6101,402,S,"Аренда и обеспечительный платеж",306667
6101,402,S,"Оборудование (производственное, торговое, холодильное)",410000
6101,402,S,"Ремонт, отделка и инженерные работы",376667
6101,402,S,"Мебель и посуда",170000
6101,402,S,"Барное и кассовое оборудование",93333
6101,402,S,"Оформление помещения и фасад",83333
6101,402,S,"Разрешительная документация",36667
6101,402,S,"Закупка продуктов и расходных материалов",116667
6101,402,S,"Формирование бренда и маркетинг запуска",96667
6101,402,S,"Программное обеспечение и автоматизация",116667
2401,3,M,"Аренда и обеспечительный платеж",280000
2401,3,M,"Ремонт и подготовка помещения",266667
2401,3,M,"Торговое оборудование",256667
2401,3,M,"Кассовые и IT-системы",100000
2401,3,M,"Первоначальная закупка товара",500000
2401,3,M,"Оформление разрешительной документации и регистрация",31667
2401,3,M,"Маркетинг и реклама запуска",116667
2401,3,M,"Транспортные и логистические расходы",50000
2401,3,M,"Юридическое сопровождение",23333
2401,3,M,"Связь, эквайринг и ПО",30000
2401,3,M,"Резерв расходов",176667
2401,214,L,"Регистрация бизнеса и юридическое сопровождение",17500
2401,214,L,"Франшиза: вступительный и паушальный взносы",95000
2401,214,L,"Закупка первой партии товара",213333
2401,214,L,"Упаковка, маркировка и этикетки",21667
2401,214,L,"Логистика и складская обработка (доставка до склада, аренда помещения)",45000
2401,214,L,"Товарная сертификация и декларации",26000
2401,214,L,"IT-поддержка и программное обеспечение",19000
2401,214,L,"Реклама и продвижение товара (маркетплейсы, внешние каналы)",56667
2401,214,L,"Комиссия маркетплейсов и расходы на продвижение",40000
2401,214,L,"Создание фото-, видеоконтента и оформление карточки товара",25000
2401,214,L,"Рабочий офис и оборудование (сканеры, принтеры, мебель)",38333
2401,214,L,"Расходы на бухгалтерию, налоговую отчетность и ЭДО",19333
6601,1,M,"Паушальный взнос / покупка франшизы",450000
6601,1,M,"Аренда и обеспечительный депозит",616667
6601,1,M,"Ремонт и подготовка помещения",816667
6601,1,M,"Торговое и холодильное оборудование",1366667
6601,1,M,"Кассовое и IT-оборудование",250000
6601,1,M,"Программное обеспечение",70000
6601,1,M,"Первая партия товара",1100000
6601,1,M,"Вывеска и наружная реклама",170000
6601,1,M,"Разрешительная документация",76667
6601,1,M,"Лицензии и страховка",70000
6601,1,M,"Обучение и фонд оплаты труда",400000
6601,1,M,"Маркетинговые расходы",166667
6601,1,M,"Логистика и транспортные расходы",95000
6601,1,M,"Охрана и видеонаблюдение",103333
6601,1,M,"Административные расходы",45000
6601,1,M,"Оборотный капитал на старт",701667
6601,308,S,"Аренда помещения",35333
6601,308,S,"Ремонт и подготовка офиса",25000
6601,308,S,"Мебель, офисное оснащение и техника",40000
6601,308,S,"Программное обеспечение и лицензии",14333
6601,308,S,"Интернет, телефония и связь",6333
6601,308,S,"Рекламный запуск и маркетинг",28000
6601,308,S,"Зарплата персонала на старте",35000
6601,308,S,"Юридические и регистрационные расходы",7667
6601,308,S,"Административные и канцелярские расходы",5333
6601,308,S,"Резервный фонд",11667
6601,3,S,"Аренда помещения",90000
6601,3,S,"Ремонт и оформление",115000
6601,3,S,"Торговый инвентарь",70000
6601,3,S,"Торговый инвентарь и оборудование",80000
6601,3,S,"Оборудование",80000
6601,3,S,"Первичная закупка товаров",166667
6601,3,S,"Кассовое оборудование и ПО",33333
6601,3,S,"Маркетинг и реклама",50000
6601,3,S,"Маркетинг и рекламная кампания",47500
6601,3,S,"Юридические услуги",20000
6601,3,S,"Регистрация и юридические услуги",15000
6601,3,S,"Безопасность и страховка",11667
6601,3,S,"Заработная плата персонала",90000
6601,3,S,"Фонды заработной платы персонала",65000
6601,3,S,"Подушка финансовой безопасности",36667
6401,310,M,"Аренда помещения",123333
6401,310,M,"Ремонт и подготовка помещения",193333
6401,310,M,"Основное технологическое оборудование",276667
6401,310,M,"Специализированное диагностическое оборудование",143333
6401,310,M,"Инструменты и оснастка",103333
6401,310,M,"Расходные материалы и запчасти",66667
6401,310,M,"Обустройство клиентской зоны",50000
6401,310,M,"Программное обеспечение учета",30000
6401,310,M,"Оформление документов и лицензий",30000
6401,310,M,"Юридические консультации",21667
6401,310,M,"Маркетинг и рекламный бюджет",66667
6401,310,M,"Непредвиденные расходы",85000
6401,402,M,"Аренда помещения",166667
6401,402,M,"Ремонт и дизайн интерьера",606667
6401,402,M,"Оборудование",706667
6401,402,M,"Мебель и интерьер",330000
6401,402,M,"Вычислительное и кассовые системы",105000
6401,402,M,"Первоначальная закупка товаров",253333
6401,402,M,"Лицензионные платежи и регистрация",75000
6401,402,M,"Маркетинг и продвижение",163333
6401,402,M,"Фонд оплаты труда",483333
6401,402,M,"Резерв на непредвиденные расходы",265000
6101,1,L,"Аренда и депозит",716667
6101,1,L,"Ремонт и отделка помещения",1533333
6101,1,L,"Торговый, холодильный и кассовое оборудование",2900000
6101,1,L,"Охрана и видеонаблюдение",273333
6101,1,L,"Первичная закупка товаров",2100000
6101,1,L,"Позиционирование: вывески, наружная реклама, POS-материалы",483333
6101,1,L,"Лицензирование и разрешительные документы",123333
6101,1,L,"Программное обеспечение и кассовые системы",196667
6101,1,L,"Запуск бизнеса: реклама и продвижение",516667
6101,1,L,"Оборотный капитал и резервный фонд",1253333
6101,1,L,"Франшиза/паушальный взнос",243333
2401,702,M,"Аренда помещения и обеспечительный платеж",75000
2401,702,M,"Ремонт и оформление офиса/точки",85000
2401,702,M,"Закупка инструментов, оборудования и мебели",126667
2401,702,M,"Первичные запасы расходных материалов и демонстрационные образцы",36667
2401,702,M,"Маркетинг, реклама и продвижение",40000
2401,702,M,"Сайт, CRM, телефония и программное обеспечение",18333
2401,702,M,"Лицензионные платежи и регистрация бизнеса",10000
2401,702,M,"Оплата первичного фонда зарплаты сотрудникам",76667
2401,702,M,"Обучение сотрудников и аттестационные мероприятия",11667
2401,702,M,"Транспортные и сопутствующие операционные расходы",13333
2401,702,M,"Паушальный взнос по франшизе (при наличии)",51667
6101,401,M,"Паушальный взнос",2700000
6101,401,M,"Аренда помещения",1400000
6101,401,M,"Ремонт и оформление",3933333
6101,401,M,"Закупка оборудования",4138333
6101,401,M,"Оформление интерьера и мебели",2233333
6101,401,M,"Покупка посуды и инвентаря",716667
6101,401,M,"Первичная закупка продукции",900000
6101,401,M,"POS-системы и кассовые решения",383333
6101,401,M,"Лицензии и регистрации",233333
6101,401,M,"Маркетинг и рекламный бюджет",833333
6101,401,M,"Заработная плата персонала",1433333
6101,401,M,"Операционные расходы запуска",733333
6101,401,M,"Страховка",160000
3401,3,M,"Регистрация бизнеса и разрешительные документы",23867
3401,3,M,"Аренда помещения",134000
3401,3,M,"Ремонт и оформление помещений",166533
3401,3,M,"Закупка оборудования и мебели",109333
3401,3,M,"Первичный ассортимент товаров",350667
3401,3,M,"Маркетинговые мероприятия и рекламная продукция",64933
3401,3,M,"Кассовое оборудование и ПО для учета/автоматизации",42467
3401,3,M,"Зарплаты персонала",98800
3401,3,M,"Страхование",13600
3401,3,M,"Юридические консультации и аудит",23733
3401,3,M,"Резервный фонд",55400
3401,3,M,"Паушальный взнос (если применимо)",26667
6601,105,S,"Аренда помещения",48333
6601,105,S,"Депозит арендный",55000
6601,105,S,"Ремонт и оформление",65000
6601,105,S,"Торговые стеллажи и витрины",45000
6601,105,S,"Холодильное оборудование",81667
6601,105,S,"Мебель и торговая утварь",20000
6601,105,S,"Кассовый аппарат и программное обеспечение",25000
6601,105,S,"Первичный товарный запас",111667
6601,105,S,"Разрешительные документы и регистрация бизнеса",20000
6601,105,S,"Видеонаблюдение и безопасность",18333
6601,105,S,"Маркетинговая вывеска",16667
6601,105,S,"Консультации юристов и бухгалтеров",11667
6601,105,S,"Начальные выплаты сотрудникам",41667
6601,105,S,"Резервный фонд",31667
2401,401,S,"Аренда помещения",423333
2401,401,S,"Обеспечительный депозит",333333
2401,401,S,"Ремонт и дизайн интерьера",1466667
2401,401,S,"Профессиональное оборудование",1350000
2401,401,S,"Мебель, посуда и инвентарь",506667
2401,401,S,"Вентиляция и кондиционирование",393333
2401,401,S,"Охрана, пожарная безопасность",176667
2401,401,S,"Наружная вывеска и реклама",223333
2401,401,S,"Начальная закупка продуктов",253333
2401,401,S,"POS-система и автоматизация",196667
2401,401,S,"Заработная плата сотрудников на старте",440000
2401,401,S,"Маркетинг и рекламная кампания",363333
2401,401,S,"Лицензии и юридическое оформление",120000
2401,401,S,"Непредвиденные расходы",476667
